Price,Adj Close,Close,High,Low,Open,Volume
Ticker,UHS,UHS,UHS,UHS,UHS,UHS
Date,,,,,,
2023-09-11,129.50262451171875,130.66000366210938,133.05999755859375,130.5800018310547,131.4600067138672,684300
2023-09-12,125.756103515625,126.87999725341797,130.36000061035156,126.79000091552734,130.24000549316406,460300
2023-09-13,125.28035736083984,126.4000015258789,127.47000122070312,126.0,126.86000061035156,379700
2023-09-14,126.39044189453125,127.5199966430664,129.08999633789062,126.41000366210938,128.6699981689453,276100
2023-09-15,125.02267456054688,126.13999938964844,127.54000091552734,125.16999816894531,127.01000213623047,829700
2023-09-18,126.30123901367188,127.43000030517578,128.1199951171875,126.0,126.18000030517578,574000
2023-09-19,126.67787170410156,127.80999755859375,129.4499969482422,126.4800033569336,127.23999786376953,533600
2023-09-20,127.90691375732422,129.0500030517578,130.58999633789062,128.52999877929688,128.52999877929688,636700
2023-09-21,125.48851013183594,126.61000061035156,128.60000610351562,126.1500015258789,128.33999633789062,425300
2023-09-22,125.8948745727539,127.0199966430664,127.98999786376953,126.37999725341797,126.52999877929688,324000
2023-09-25,126.93559265136719,128.07000732421875,129.0,126.52999877929688,126.52999877929688,251300
2023-09-26,124.7352294921875,125.8499984741211,128.3800048828125,125.7699966430664,127.63999938964844,392000
2023-09-27,123.09986114501953,124.19999694824219,127.12000274658203,122.05999755859375,125.8499984741211,523300
2023-09-28,125.67681884765625,126.80000305175781,127.37000274658203,123.48999786376953,124.31999969482422,510900
2023-09-29,124.6163101196289,125.7300033569336,127.87999725341797,125.2300033569336,127.06999969482422,454000
2023-10-02,125.13170623779297,126.25,127.37999725341797,125.08000183105469,125.16999816894531,487300
2023-10-03,123.71437072753906,124.81999969482422,126.3499984741211,122.87000274658203,126.3499984741211,567100
2023-10-04,123.00074768066406,124.0999984741211,125.7300033569336,123.12999725341797,124.97000122070312,590100
2023-10-05,124.41808319091797,125.52999877929688,125.81999969482422,123.26000213623047,124.2699966430664,582400
2023-10-06,125.27046203613281,126.38999938964844,127.23999786376953,124.70999908447266,125.16999816894531,481900
2023-10-09,129.03680419921875,130.19000244140625,130.42999267578125,125.16999816894531,126.29000091552734,772900
2023-10-10,130.55325317382812,131.72000122070312,132.67999267578125,129.85000610351562,130.3699951171875,550800
2023-10-11,125.8948745727539,127.0199966430664,131.1699981689453,125.7300033569336,131.11000061035156,632100
2023-10-12,122.71330261230469,123.80999755859375,127.79000091552734,123.41000366210938,127.19000244140625,572300
2023-10-13,122.93135833740234,124.02999877929688,125.94999694824219,123.26000213623047,123.86000061035156,442900
2023-10-16,124.98302459716797,126.0999984741211,126.51000213623047,123.70999908447266,124.80999755859375,561700
2023-10-17,126.20214080810547,127.33000183105469,128.30999755859375,125.69000244140625,125.69000244140625,398400
2023-10-18,126.89592742919922,128.02999877929688,129.4199981689453,125.83999633789062,126.69999694824219,394300
2023-10-19,126.52920532226562,127.66000366210938,129.86000061035156,127.06999969482422,128.1300048828125,461500
2023-10-20,123.57560729980469,124.68000030517578,128.52000427246094,124.43000030517578,128.50999450683594,498300
2023-10-23,123.8729476928711,124.9800033569336,126.7300033569336,124.30000305175781,125.31999969482422,470000
2023-10-24,123.42693328857422,124.52999877929688,125.97000122070312,119.9000015258789,121.80000305175781,792700
2023-10-25,121.12747192382812,122.20999908447266,125.43000030517578,122.05999755859375,123.9000015258789,869600
2023-10-26,123.12959289550781,124.2300033569336,129.4499969482422,121.0,122.19000244140625,1738700
2023-10-27,122.24746704101562,123.33999633789062,126.2699966430664,121.8499984741211,123.6500015258789,1158000
2023-10-30,122.73313903808594,123.83000183105469,125.0999984741211,121.55000305175781,124.31999969482422,713400
2023-10-31,124.77488708496094,125.88999938964844,126.19999694824219,123.80000305175781,124.61000061035156,428600
2023-11-01,124.2793197631836,125.38999938964844,126.4800033569336,124.27999877929688,124.69000244140625,645600
2023-11-02,124.99293518066406,126.11000061035156,127.77999877929688,125.69000244140625,126.58999633789062,390200
2023-11-03,127.11398315429688,128.25,129.5800018310547,126.8499984741211,126.8499984741211,591600
2023-11-06,128.5214080810547,129.6699981689453,130.14999389648438,127.22000122070312,128.32000732421875,702500
2023-11-07,128.97731018066406,130.1300048828125,130.57000732421875,128.08999633789062,129.02999877929688,492600
2023-11-08,128.47181701660156,129.6199951171875,130.89999389648438,129.52999877929688,130.89999389648438,454100
2023-11-09,127.12389373779297,128.25999450683594,131.1999969482422,128.25,130.17999267578125,567900
2023-11-10,129.07644653320312,130.22999572753906,131.08999633789062,127.43000030517578,128.77000427246094,528900
2023-11-13,128.34298706054688,129.49000549316406,131.1300048828125,129.33999633789062,130.41000366210938,456000
2023-11-14,131.4353485107422,132.61000061035156,133.5800018310547,130.77999877929688,131.69000244140625,431000
2023-11-15,131.72276306152344,132.89999389648438,134.44000244140625,132.38999938964844,132.5399932861328,627700
2023-11-16,133.25904846191406,134.4499969482422,134.47999572753906,132.74000549316406,133.4499969482422,483500
2023-11-17,134.7556915283203,135.9600067138672,138.1999969482422,135.35000610351562,135.6699981689453,612100
2023-11-20,134.73587036132812,135.94000244140625,137.0500030517578,134.91000366210938,134.91000366210938,419400
2023-11-21,134.83497619628906,136.0399932861328,137.55999755859375,135.8300018310547,136.0800018310547,366400
2023-11-22,137.1542510986328,138.3800048828125,138.5,136.1300048828125,136.7100067138672,276000
2023-11-24,137.49124145507812,138.72000122070312,139.60000610351562,138.16000366210938,138.6699981689453,152000
2023-11-27,136.01441955566406,137.22999572753906,138.58999633789062,136.10000610351562,138.35000610351562,470200
2023-11-28,134.8746337890625,136.0800018310547,137.57000732421875,134.9499969482422,137.57000732421875,359800
2023-11-29,134.5475616455078,135.75,137.66000366210938,135.2899932861328,136.74000549316406,358000
2023-11-30,136.46327209472656,137.47999572753906,137.5399932861328,134.69000244140625,135.3000030517578,392200
2023-12-01,136.681640625,137.6999969482422,138.97000122070312,137.32000732421875,137.52000427246094,439900
2023-12-04,138.72640991210938,139.75999450683594,139.9499969482422,136.77999877929688,137.02999877929688,304000
2023-12-05,135.10340881347656,136.11000061035156,139.1999969482422,136.0800018310547,138.9600067138672,359000
2023-12-06,134.219970703125,135.22000122070312,137.7899932861328,134.97000122070312,136.72999572753906,295600
2023-12-07,133.35643005371094,134.35000610351562,135.4499969482422,133.86000061035156,135.4499969482422,462100
2023-12-08,136.4334716796875,137.4499969482422,137.77000427246094,133.6999969482422,134.5800018310547,401300
2023-12-11,142.35934448242188,143.4199981689453,143.57000732421875,139.89999389648438,140.7100067138672,510700
2023-12-12,143.858154296875,144.92999267578125,145.1300048828125,142.69000244140625,144.16000366210938,403900
2023-12-13,148.20578002929688,149.30999755859375,149.7899932861328,143.97000122070312,145.08999633789062,485800
2023-12-14,150.34982299804688,151.47000122070312,152.80999755859375,149.9199981689453,150.0,682200
2023-12-15,147.72935485839844,148.8300018310547,152.11000061035156,148.6999969482422,150.67999267578125,1514200
2023-12-18,148.84104919433594,149.9499969482422,150.22000122070312,147.3300018310547,149.5,545600
2023-12-19,149.77410888671875,150.88999938964844,151.77000427246094,149.9199981689453,150.3800048828125,435300
2023-12-20,146.98487854003906,148.0800018310547,151.57000732421875,148.0,151.33999633789062,424800
2023-12-21,149.89321899414062,151.00999450683594,151.3800048828125,149.02000427246094,149.17999267578125,453700
2023-12-22,151.94789123535156,153.0800018310547,153.57000732421875,151.25,151.5,382700
2023-12-26,152.9901580810547,154.1300048828125,155.17999267578125,152.6300048828125,153.27999877929688,288000
2023-12-27,151.48138427734375,152.61000061035156,153.9499969482422,151.6999969482422,153.92999267578125,374400
2023-12-28,151.55084228515625,152.67999267578125,153.75999450683594,151.91000366210938,152.4600067138672,332900
2023-12-29,151.31263732910156,152.44000244140625,153.0500030517578,151.35000610351562,152.6999969482422,239900
2024-01-02,155.2532958984375,156.41000366210938,157.82000732421875,152.5500030517578,152.8699951171875,674800
2024-01-03,151.90818786621094,153.0399932861328,156.11000061035156,152.38999938964844,155.49000549316406,472200
2024-01-04,151.0545654296875,152.17999267578125,154.0800018310547,151.9199981689453,153.22999572753906,599000
2024-01-05,152.56329345703125,153.6999969482422,155.22000122070312,152.2100067138672,152.2100067138672,660000
2024-01-08,153.26805114746094,154.41000366210938,154.74000549316406,152.67999267578125,153.82000732421875,339500
2024-01-09,153.1390380859375,154.27999877929688,155.57000732421875,153.25999450683594,153.47000122070312,331700
2024-01-10,155.69993591308594,156.86000061035156,157.02999877929688,153.4499969482422,153.94000244140625,335800
2024-01-11,157.2186279296875,158.38999938964844,158.75,156.0399932861328,156.41000366210938,387300
2024-01-12,157.4171600341797,158.58999633789062,160.36000061035156,157.69000244140625,159.0,533800
2024-01-16,156.7819061279297,157.9499969482422,158.13999938964844,155.82000732421875,157.39999389648438,351000
2024-01-17,153.5658721923828,154.7100067138672,158.58999633789062,154.19000244140625,156.5399932861328,392000
2024-01-18,155.23342895507812,156.38999938964844,156.8800048828125,154.19000244140625,155.22000122070312,451000
2024-01-19,156.64292907714844,157.80999755859375,157.82000732421875,155.5800018310547,156.77000427246094,307900
2024-01-22,154.8959503173828,156.0500030517578,159.94000244140625,155.80999755859375,158.5,497700
2024-01-23,152.6724853515625,153.80999755859375,156.6699981689453,152.6999969482422,155.9199981689453,676200
2024-01-24,152.21592712402344,153.35000610351562,154.52000427246094,150.11000061035156,154.52000427246094,798500
2024-01-25,155.81906127929688,156.97999572753906,157.25,153.69000244140625,154.47999572753906,543600
2024-01-26,156.4047088623047,157.57000732421875,159.42999267578125,156.86000061035156,157.72999572753906,458300
2024-01-29,155.6900177001953,156.85000610351562,158.1199951171875,155.5399932861328,156.80999755859375,487900
2024-01-30,157.77447509765625,158.9499969482422,161.1999969482422,158.89999389648438,159.3300018310547,570900
2024-01-31,157.6355438232422,158.80999755859375,161.32000732421875,158.52000427246094,159.80999755859375,402000
2024-02-01,161.9335174560547,163.13999938964844,164.80999755859375,157.69000244140625,158.44000244140625,690400
2024-02-02,161.5265350341797,162.72999572753906,164.32000732421875,162.0,162.08999633789062,444700
2024-02-05,161.4669952392578,162.6699981689453,164.1199951171875,161.6999969482422,162.22000122070312,409400
2024-02-06,160.9508056640625,162.14999389648438,163.5,161.22999572753906,162.17999267578125,293100
2024-02-07,161.24862670898438,162.4499969482422,164.33999633789062,161.9199981689453,162.47999572753906,292700
2024-02-08,160.7622528076172,161.9600067138672,163.0399932861328,160.47000122070312,162.4499969482422,368000
2024-02-09,161.17913818359375,162.3800048828125,162.8000030517578,161.27000427246094,161.99000549316406,270300
2024-02-12,163.33306884765625,164.5500030517578,164.9600067138672,160.75,161.8800048828125,393100
2024-02-13,159.41229248046875,160.60000610351562,163.44000244140625,160.19000244140625,162.24000549316406,397700
2024-02-14,160.5140838623047,161.7100067138672,163.35000610351562,160.22999572753906,161.8000030517578,353700
2024-02-15,161.5166015625,162.72000122070312,163.63999938964844,161.8300018310547,163.27999877929688,391300
2024-02-16,160.9607696533203,162.16000366210938,163.75,160.85000610351562,162.50999450683594,309800
2024-02-20,161.22874450683594,162.42999267578125,162.77999877929688,160.69000244140625,161.08999633789062,390800
2024-02-21,162.09231567382812,163.3000030517578,163.39999389648438,160.85000610351562,162.02999877929688,309600
2024-02-22,163.27352905273438,164.49000549316406,165.86000061035156,162.77999877929688,163.50999450683594,660200
2024-02-23,163.0948486328125,164.30999755859375,166.35000610351562,164.2100067138672,164.6999969482422,524300
2024-02-26,163.11471557617188,164.3300018310547,165.7899932861328,162.1699981689453,164.30999755859375,508300
2024-02-27,164.56390380859375,165.7899932861328,165.7899932861328,163.02999877929688,164.1199951171875,826900
2024-02-28,160.533935546875,161.72999572753906,176.42999267578125,161.16000366210938,170.5800018310547,1813000
2024-02-29,166.02984619140625,167.05999755859375,167.2100067138672,161.7100067138672,163.1300048828125,1004100
2024-03-01,170.06478881835938,171.1199951171875,171.89999389648438,166.0399932861328,167.05999755859375,680600
2024-03-04,173.5233612060547,174.60000610351562,175.52999877929688,170.52000427246094,170.7899932861328,662300
2024-03-05,174.4178009033203,175.5,177.52999877929688,173.72999572753906,173.72999572753906,556100
2024-03-06,174.86502075195312,175.9499969482422,177.25,173.3300018310547,175.88999938964844,505100
2024-03-07,176.5743865966797,177.6699981689453,179.41000366210938,176.22000122070312,177.4199981689453,419700
2024-03-08,174.6066131591797,175.69000244140625,178.0800018310547,175.6699981689453,177.36000061035156,516600
2024-03-11,170.23374938964844,171.2899932861328,176.11000061035156,170.3699951171875,174.82000732421875,737300
2024-03-12,173.64259338378906,174.72000122070312,174.94000244140625,169.67999267578125,170.6699981689453,748100
2024-03-13,173.33450317382812,174.41000366210938,176.97999572753906,173.32000732421875,174.8000030517578,428700
2024-03-14,171.86363220214844,172.92999267578125,174.22000122070312,171.75999450683594,174.00999450683594,478600
2024-03-15,172.82765197753906,173.89999389648438,174.64999389648438,169.5,169.5,856300
2024-03-18,176.20669555664062,177.3000030517578,177.5800018310547,172.60000610351562,173.02999877929688,515600
2024-03-19,179.1186065673828,180.22999572753906,180.97999572753906,177.86000061035156,178.0,767900
2024-03-20,178.7807159423828,179.88999938964844,181.3800048828125,178.25,180.0800018310547,536200
2024-03-21,179.65528869628906,180.77000427246094,182.2899932861328,180.0,180.35000610351562,548100
2024-03-22,179.37704467773438,180.49000549316406,181.07000732421875,178.6699981689453,180.60000610351562,392800
2024-03-25,176.75331115722656,177.85000610351562,181.00999450683594,177.63999938964844,180.49000549316406,552300
2024-03-26,176.2166290283203,177.30999755859375,179.57000732421875,177.10000610351562,177.85000610351562,675700
2024-03-27,180.7286376953125,181.85000610351562,181.92999267578125,178.36000061035156,179.41000366210938,550200
2024-03-28,181.3348846435547,182.4600067138672,183.61000061035156,181.72999572753906,182.5,699100
2024-04-01,174.12960815429688,175.2100067138672,180.0,171.25999450683594,180.0,1348000
2024-04-02,171.35678100585938,172.4199981689453,174.42999267578125,169.6999969482422,174.42999267578125,878900
2024-04-03,172.66864013671875,173.74000549316406,174.88999938964844,171.47999572753906,172.1699981689453,488600
2024-04-04,171.27728271484375,172.33999633789062,174.97999572753906,171.4199981689453,174.97999572753906,405000
2024-04-05,172.36053466796875,173.42999267578125,173.9499969482422,171.82000732421875,172.82000732421875,388900
2024-04-08,170.5716552734375,171.6300048828125,173.5800018310547,171.47999572753906,172.89999389648438,428200
2024-04-09,170.4424591064453,171.5,172.1999969482422,169.2100067138672,171.72000122070312,665600
2024-04-10,169.18026733398438,170.22999572753906,171.85000610351562,169.05999755859375,169.3300018310547,388200
2024-04-11,167.36155700683594,168.39999389648438,171.4199981689453,167.7899932861328,170.4199981689453,399300
2024-04-12,165.761474609375,166.7899932861328,169.07000732421875,165.7899932861328,167.85000610351562,521400
2024-04-15,165.39378356933594,166.4199981689453,169.97999572753906,165.4199981689453,169.00999450683594,545600
2024-04-16,160.41468811035156,161.41000366210938,166.4499969482422,160.74000549316406,166.4499969482422,795600
2024-04-17,159.04318237304688,160.02999877929688,162.52999877929688,159.4600067138672,162.0800018310547,547100
2024-04-18,152.7025146484375,153.64999389648438,157.17999267578125,152.69000244140625,155.25,1047600
2024-04-19,156.49896240234375,157.47000122070312,157.47000122070312,153.66000366210938,154.41000366210938,903000
2024-04-22,160.13641357421875,161.1300048828125,161.9600067138672,158.10000610351562,158.49000549316406,672600
2024-04-23,163.89308166503906,164.91000366210938,165.97999572753906,161.49000549316406,161.66000366210938,803900
2024-04-24,164.8769989013672,165.89999389648438,166.69000244140625,163.47999572753906,164.17999267578125,1213400
2024-04-25,164.08192443847656,165.10000610351562,174.9499969482422,161.5800018310547,174.9499969482422,1260200
2024-04-26,165.03599548339844,166.05999755859375,167.74000549316406,160.83999633789062,163.1999969482422,965400
2024-04-29,168.07713317871094,169.1199951171875,169.47000122070312,166.8000030517578,166.8000030517578,650800
2024-04-30,169.37904357910156,170.42999267578125,171.02000427246094,168.61000061035156,170.02999877929688,1004200
2024-05-01,169.14053344726562,170.19000244140625,172.9499969482422,168.2899932861328,169.4199981689453,1161900
2024-05-02,168.8424072265625,169.88999938964844,171.19000244140625,167.1300048828125,171.13999938964844,652000
2024-05-03,166.6658935546875,167.6999969482422,171.7899932861328,167.5399932861328,171.7899932861328,597900
2024-05-06,168.10694885253906,169.14999389648438,169.6300048828125,168.5800018310547,169.0399932861328,811300
2024-05-07,168.4547882080078,169.5,171.2100067138672,169.38999938964844,170.5800018310547,660700
2024-05-08,168.42498779296875,169.47000122070312,170.52000427246094,167.36000061035156,168.7100067138672,513900
2024-05-09,175.958251953125,177.0500030517578,177.3300018310547,169.69000244140625,169.69000244140625,710700
2024-05-10,176.99180603027344,178.08999633789062,180.60000610351562,176.8699951171875,177.0500030517578,573400
2024-05-13,177.4887237548828,178.58999633789062,178.6300048828125,176.42999267578125,178.19000244140625,743400
2024-05-14,177.8067626953125,178.91000366210938,181.38999938964844,177.38999938964844,180.39999389648438,1007500
2024-05-15,181.11624145507812,182.24000549316406,182.8800048828125,179.32000732421875,179.47000122070312,562600
2024-05-16,177.87632751464844,178.97999572753906,182.9199981689453,178.67999267578125,181.30999755859375,873500
2024-05-17,176.60421752929688,177.6999969482422,179.3800048828125,177.13999938964844,179.3800048828125,344200
2024-05-20,180.29135131835938,181.41000366210938,181.94000244140625,178.13999938964844,181.94000244140625,597900
2024-05-21,179.08880615234375,180.1999969482422,181.77000427246094,177.86000061035156,181.17999267578125,713900
2024-05-22,177.79681396484375,178.89999389648438,181.5500030517578,178.32000732421875,179.75999450683594,423000
2024-05-23,175.819091796875,176.91000366210938,178.7899932861328,176.3800048828125,178.63999938964844,476400
2024-05-24,175.2824249267578,176.3699951171875,178.57000732421875,176.1699981689453,178.4600067138672,588300
2024-05-28,174.09976196289062,175.17999267578125,176.2899932861328,174.27999877929688,175.22000122070312,404000
2024-05-29,179.1186065673828,180.22999572753906,181.61000061035156,174.42999267578125,174.5,900500
2024-05-30,184.753662109375,185.89999389648438,186.64999389648438,180.17999267578125,180.3300018310547,776900
2024-05-31,188.62962341308594,189.8000030517578,189.9499969482422,184.75999450683594,186.1999969482422,847300
2024-06-03,185.64495849609375,186.60000610351562,189.16000366210938,185.5,188.47999572753906,634300
2024-06-04,183.6949920654297,184.63999938964844,186.60000610351562,181.1999969482422,185.86000061035156,458100
2024-06-05,188.50027465820312,189.47000122070312,189.8300018310547,185.47999572753906,185.8800048828125,629900
2024-06-06,188.37094116210938,189.33999633789062,190.5,187.60000610351562,188.80999755859375,541300
2024-06-07,186.57020568847656,187.52999877929688,188.88999938964844,187.30999755859375,187.5399932861328,343800
2024-06-10,187.9630126953125,188.92999267578125,189.3000030517578,185.77999877929688,186.64999389648438,671800
2024-06-11,184.72967529296875,185.67999267578125,188.3800048828125,185.60000610351562,188.00999450683594,608500
2024-06-12,186.28167724609375,187.24000549316406,189.3800048828125,186.13999938964844,188.16000366210938,892300
2024-06-13,187.2168731689453,188.17999267578125,188.6699981689453,183.25,186.72999572753906,520600
2024-06-14,186.88858032226562,187.85000610351562,188.22000122070312,183.25,186.66000366210938,590700
2024-06-17,188.83853149414062,189.80999755859375,190.16000366210938,186.10000610351562,186.75,555100
2024-06-18,189.58470153808594,190.55999755859375,191.27999877929688,188.32000732421875,189.5,403600
2024-06-20,187.7143096923828,188.67999267578125,191.50999450683594,188.33999633789062,189.8300018310547,349800
2024-06-21,188.13217163085938,189.10000610351562,190.11000061035156,187.1300048828125,188.80999755859375,783700
2024-06-24,190.0323944091797,191.00999450683594,191.9199981689453,188.72999572753906,189.77999877929688,468600
2024-06-25,186.7393341064453,187.6999969482422,193.47999572753906,181.82000732421875,191.5,899000
2024-06-26,188.6992645263672,189.6699981689453,191.19000244140625,186.47999572753906,191.19000244140625,721600
2024-06-27,190.57957458496094,191.55999755859375,191.5800018310547,187.0399932861328,189.39999389648438,404600
2024-06-28,183.98350524902344,184.92999267578125,194.02000427246094,182.2100067138672,191.75,1163000
2024-07-01,181.26747131347656,182.1999969482422,188.52999877929688,182.07000732421875,186.0500030517578,559900
2024-07-02,183.7745819091797,184.72000122070312,185.08999633789062,180.77000427246094,182.52000427246094,414500
2024-07-03,184.44114685058594,185.38999938964844,186.4499969482422,183.92999267578125,184.39999389648438,239200
2024-07-05,180.00399780273438,180.92999267578125,184.63999938964844,177.64999389648438,184.14999389648438,893100
2024-07-08,179.7055206298828,180.6300048828125,182.22000122070312,177.35000610351562,181.74000549316406,939300
2024-07-09,180.02386474609375,180.9499969482422,183.2100067138672,180.08999633789062,181.5500030517578,587300
2024-07-10,179.2578125,180.17999267578125,182.38999938964844,179.30999755859375,181.8699951171875,736000
2024-07-11,183.00852966308594,183.9499969482422,184.13999938964844,180.61000061035156,181.6199951171875,809000
2024-07-12,183.48605346679688,184.42999267578125,187.22999572753906,184.1999969482422,184.6300048828125,421400
2024-07-15,177.7655029296875,178.67999267578125,183.3699951171875,178.05999755859375,179.19000244140625,709300
2024-07-16,182.9388885498047,183.8800048828125,183.92999267578125,177.3699951171875,180.0,1034900
2024-07-17,182.82945251464844,183.77000427246094,189.64999389648438,181.39999389648438,183.8800048828125,865900
2024-07-18,180.55117797851562,181.47999572753906,186.75,180.49000549316406,183.50999450683594,825600
2024-07-19,179.89456176757812,180.82000732421875,183.02000427246094,179.5,183.02000427246094,634600
2024-07-22,181.23764038085938,182.1699981689453,183.5,179.80999755859375,181.3300018310547,610700
2024-07-23,184.35162353515625,185.3000030517578,186.5,181.2899932861328,184.3699951171875,854300
2024-07-24,185.0181884765625,185.97000122070312,189.77999877929688,185.0500030517578,187.0,958700
2024-07-25,203.94085693359375,204.99000549316406,207.6999969482422,192.0,192.19000244140625,2759900
2024-07-26,212.59632873535156,213.69000244140625,214.63999938964844,206.36000061035156,209.5800018310547,1474300
2024-07-29,216.31716918945312,217.42999267578125,219.61000061035156,214.36000061035156,215.64999389648438,914800
2024-07-30,213.9990997314453,215.10000610351562,218.9600067138672,214.75999450683594,217.1199951171875,878700
2024-07-31,212.66595458984375,213.75999450683594,216.83999633789062,211.75,215.99000549316406,1108800
2024-08-01,214.71542358398438,215.82000732421875,218.99000549316406,212.7899932861328,215.11000061035156,849600
2024-08-02,212.11878967285156,213.2100067138672,216.9199981689453,210.9600067138672,214.33999633789062,858500
2024-08-05,209.92007446289062,211.0,213.6699981689453,205.14999389648438,209.11000061035156,778400
2024-08-06,211.02439880371094,212.11000061035156,213.60000610351562,209.75999450683594,211.05999755859375,1603600
2024-08-07,210.984619140625,212.07000732421875,215.27999877929688,210.02999877929688,213.9600067138672,978900
2024-08-08,217.28219604492188,218.39999389648438,218.55999755859375,212.0,212.55999755859375,715300
2024-08-09,214.11849975585938,215.22000122070312,218.67999267578125,214.86000061035156,218.08999633789062,502500
2024-08-12,216.6256103515625,217.74000549316406,217.8800048828125,214.47999572753906,215.17999267578125,387300
2024-08-13,219.35157775878906,220.47999572753906,221.66000366210938,218.0800018310547,218.0800018310547,560100
2024-08-14,220.7145538330078,221.85000610351562,224.33999633789062,219.92999267578125,221.5399932861328,534000
2024-08-15,222.12728881835938,223.27000427246094,224.08999633789062,219.6699981689453,223.02999877929688,543700
2024-08-16,225.2810821533203,226.44000244140625,227.0,222.6199951171875,223.92999267578125,570600
2024-08-19,226.3555450439453,227.52000427246094,228.27999877929688,224.6199951171875,226.5500030517578,454300
2024-08-20,226.3953399658203,227.55999755859375,229.00999450683594,225.89999389648438,227.6999969482422,553900
2024-08-21,226.6341094970703,227.8000030517578,228.83999633789062,226.3699951171875,227.55999755859375,506500
2024-08-22,228.11647033691406,229.2899932861328,230.49000549316406,228.66000366210938,228.97999572753906,519700
2024-08-23,231.94677734375,233.13999938964844,233.75999450683594,229.7899932861328,230.57000732421875,684800
2024-08-26,231.84725952148438,233.0399932861328,235.2100067138672,231.52999877929688,233.3699951171875,493800
2024-08-27,234.15541076660156,235.36000061035156,235.60000610351562,232.5500030517578,232.5500030517578,521600
2024-08-28,235.6178741455078,236.8300018310547,237.7899932861328,235.5,235.5,619900
2024-08-29,234.4837188720703,235.69000244140625,237.86000061035156,234.80999755859375,237.83999633789062,378400
2024-08-30,236.7520294189453,237.97000122070312,238.25999450683594,235.39999389648438,235.39999389648438,494100
2024-09-03,235.45761108398438,236.47000122070312,239.2899932861328,235.10000610351562,237.27000427246094,599300
2024-09-04,237.57850646972656,238.60000610351562,238.69000244140625,235.66000366210938,236.64999389648438,524000
2024-09-05,238.2854461669922,239.30999755859375,239.32000732421875,235.52999877929688,237.99000549316406,704800
2024-09-06,228.1689453125,229.14999389648438,241.9499969482422,226.58999633789062,239.0800018310547,929600
2024-09-09,225.54025268554688,226.50999450683594,232.6999969482422,223.74000549316406,230.2899932861328,954000
2024-09-10,224.71380615234375,225.67999267578125,229.4600067138672,224.47999572753906,227.22000122070312,555700
2024-09-11,228.7863006591797,229.77000427246094,231.52999877929688,224.25,225.4499969482422,819100
2024-09-12,230.36949157714844,231.36000061035156,231.97000122070312,226.27000427246094,226.27000427246094,560600
2024-09-13,231.56434631347656,232.55999755859375,233.6699981689453,231.10000610351562,231.10000610351562,346000
2024-09-16,233.9839630126953,234.99000549316406,236.8000030517578,232.4600067138672,233.85000610351562,480800
2024-09-17,231.28553771972656,232.27999877929688,235.6699981689453,230.9199981689453,234.63999938964844,605100
2024-09-18,233.68524169921875,234.69000244140625,237.25999450683594,230.0,230.02999877929688,615000
2024-09-19,236.77195739746094,237.7899932861328,237.8000030517578,233.52999877929688,236.92999267578125,489300
2024-09-20,237.0009765625,238.02000427246094,239.5500030517578,235.3800048828125,237.16000366210938,843300
2024-09-23,239.55995178222656,240.58999633789062,241.3300018310547,238.1199951171875,239.22000122070312,421700
2024-09-24,240.48599243164062,241.52000427246094,243.25,238.50999450683594,240.13999938964844,463000
2024-09-25,240.2071990966797,241.24000549316406,242.83999633789062,240.6699981689453,242.00999450683594,354600
2024-09-26,238.64390563964844,239.6699981689453,241.52999877929688,237.5399932861328,241.08999633789062,398100
2024-09-27,228.9356689453125,229.9199981689453,239.9600067138672,223.3000030517578,239.5399932861328,1381300
2024-09-30,228.02955627441406,229.00999450683594,229.36000061035156,212.0800018310547,224.07000732421875,1753200
2024-10-01,223.69818115234375,224.66000366210938,228.80999755859375,222.33999633789062,228.58999633789062,822700
2024-10-02,223.04100036621094,224.0,225.5,222.86000061035156,224.0,707600
2024-10-03,214.24880981445312,215.1699981689453,224.61000061035156,212.5,223.55999755859375,1529600
2024-10-04,214.75660705566406,215.67999267578125,217.5,212.97999572753906,216.7899932861328,674400
2024-10-07,211.8789825439453,212.7899932861328,216.35000610351562,211.22999572753906,214.42999267578125,741500
2024-10-08,211.59022521972656,212.5,214.13999938964844,209.27000427246094,213.6999969482422,831800
2024-10-09,212.03829956054688,212.9499969482422,214.47000122070312,208.24000549316406,212.1199951171875,694000
2024-10-10,211.98851013183594,212.89999389648438,213.89999389648438,209.7899932861328,212.67999267578125,471700
2024-10-11,213.41238403320312,214.3300018310547,214.9499969482422,213.1199951171875,213.8699951171875,420600
2024-10-14,219.50619506835938,220.4499969482422,221.57000732421875,213.89999389648438,214.02999877929688,893600
2024-10-15,224.37525939941406,225.33999633789062,231.6300048828125,221.0,221.0,1123000
2024-10-16,235.88577270507812,236.89999389648438,239.8300018310547,230.44000244140625,231.60000610351562,935200
2024-10-17,233.15750122070312,234.16000366210938,238.6199951171875,233.19000244140625,234.5800018310547,620400
2024-10-18,235.65675354003906,236.6699981689453,240.25999450683594,232.47000122070312,233.50999450683594,993400
2024-10-21,232.6197967529297,233.6199951171875,237.8300018310547,232.60000610351562,235.86000061035156,628200
2024-10-22,231.55441284179688,232.5500030517578,234.44000244140625,229.52999877929688,231.8300018310547,607400
2024-10-23,233.15750122070312,234.16000366210938,235.16000366210938,231.89999389648438,233.25,596300
2024-10-24,223.69818115234375,224.66000366210938,234.38999938964844,223.74000549316406,233.52000427246094,1344600
2024-10-25,201.88197326660156,202.75,212.77999877929688,201.8699951171875,208.0,1483000
2024-10-28,203.6742706298828,204.5500030517578,207.66000366210938,202.1699981689453,203.8000030517578,934100
2024-10-29,205.0384063720703,205.9199981689453,209.32000732421875,203.60000610351562,204.0,906100
2024-10-30,206.6116485595703,207.5,208.5800018310547,202.61000061035156,205.02000427246094,684000
2024-10-31,203.435302734375,204.30999755859375,207.4199981689453,203.27000427246094,205.42999267578125,1117500
2024-11-01,204.38124084472656,205.25999450683594,207.1999969482422,204.13999938964844,206.64999389648438,632500
2024-11-04,207.93594360351562,208.8300018310547,210.5800018310547,204.80999755859375,204.80999755859375,997800
2024-11-05,211.26165771484375,212.1699981689453,212.1699981689453,206.89999389648438,207.63999938964844,497900
2024-11-06,202.648681640625,203.52000427246094,206.4600067138672,193.7899932861328,197.85000610351562,1443500
2024-11-07,207.5177459716797,208.41000366210938,208.42999267578125,201.92999267578125,205.2100067138672,986400
2024-11-08,206.6116485595703,207.5,210.58999633789062,206.8800048828125,209.4499969482422,572800
2024-11-11,207.66708374023438,208.55999755859375,211.11000061035156,208.0399932861328,208.0399932861328,479100
2024-11-12,204.36131286621094,205.24000549316406,209.52000427246094,204.19000244140625,208.64999389648438,637100
2024-11-13,201.88197326660156,202.75,207.0,202.4600067138672,206.36000061035156,612600
2024-11-14,200.1494140625,201.00999450683594,206.91000366210938,200.80999755859375,202.69000244140625,699900
2024-11-15,200.82652282714844,201.69000244140625,201.75,198.38999938964844,200.82000732421875,759900
2024-11-18,197.0925750732422,197.94000244140625,201.85000610351562,196.75999450683594,200.74000549316406,658000
2024-11-19,195.94749450683594,196.7899932861328,198.36000061035156,194.00999450683594,197.24000549316406,895600
2024-11-20,196.6743621826172,197.52000427246094,198.27999877929688,192.19000244140625,196.8000030517578,1016400
2024-11-21,196.76397705078125,197.61000061035156,197.7899932861328,189.41000366210938,195.0,999200
2024-11-22,197.0925750732422,197.94000244140625,199.1199951171875,194.99000549316406,195.75999450683594,1205700
2024-11-25,198.3571319580078,199.2100067138672,200.25999450683594,195.35000610351562,196.72000122070312,713800
2024-11-26,205.2076873779297,206.08999633789062,206.7100067138672,198.1199951171875,199.58999633789062,986700
2024-11-27,202.62876892089844,203.5,208.44000244140625,202.05999755859375,206.00999450683594,566600
2024-11-29,204.12232971191406,205.0,205.25,201.9600067138672,202.47999572753906,375800
2024-12-02,200.19921875,201.05999755859375,204.42999267578125,200.5399932861328,203.1300048828125,726400
2024-12-03,197.6875,198.33999633789062,203.72000122070312,198.1300048828125,203.36000061035156,453800
2024-12-04,198.46493530273438,199.1199951171875,200.1699981689453,197.92999267578125,199.0,563100
2024-12-05,195.405029296875,196.0500030517578,199.1699981689453,195.67999267578125,199.1199951171875,441100
2024-12-06,193.58106994628906,194.22000122070312,198.02000427246094,192.44000244140625,196.6199951171875,569500
2024-12-09,192.21556091308594,192.85000610351562,195.8699951171875,192.08999633789062,194.52999877929688,500500
2024-12-10,191.0693359375,191.6999969482422,193.82000732421875,188.72000122070312,192.25999450683594,458000
2024-12-11,190.08261108398438,190.7100067138672,193.3000030517578,189.75999450683594,193.3000030517578,343300
2024-12-12,185.82666015625,186.44000244140625,193.0,185.92999267578125,191.16000366210938,628400
2024-12-13,186.7834930419922,187.39999389648438,187.99000549316406,186.05999755859375,186.41000366210938,498100
2024-12-16,183.5541534423828,184.16000366210938,188.0,183.50999450683594,185.0,902700
2024-12-17,181.99928283691406,182.60000610351562,184.3800048828125,180.85000610351562,182.52999877929688,701200
2024-12-18,176.9459686279297,177.52999877929688,185.16000366210938,177.02000427246094,183.75999450683594,925800
2024-12-19,175.22166442871094,175.8000030517578,178.80999755859375,175.35000610351562,177.02000427246094,1406400
2024-12-20,179.51748657226562,180.11000061035156,181.08999633789062,175.97999572753906,176.30999755859375,1272900
2024-12-23,180.12547302246094,180.72000122070312,180.86000061035156,178.6699981689453,179.33999633789062,443400
2024-12-24,180.6238250732422,181.22000122070312,181.22000122070312,179.63999938964844,180.08999633789062,127200
2024-12-26,180.53411865234375,181.1300048828125,181.4499969482422,180.08999633789062,180.52000427246094,242600
2024-12-27,179.8663330078125,180.4600067138672,181.6199951171875,177.47999572753906,178.99000549316406,355400
2024-12-30,177.783203125,178.3699951171875,180.4600067138672,176.4199981689453,179.91000366210938,320500
2024-12-31,178.82974243164062,179.4199981689453,180.14999389648438,178.0500030517578,179.10000610351562,298800
2025-01-02,179.0789337158203,179.6699981689453,182.02999877929688,179.14999389648438,180.97999572753906,301100
2025-01-03,178.30148315429688,178.88999938964844,180.08999633789062,174.10000610351562,180.0,407500
2025-01-06,180.46434020996094,181.05999755859375,183.22000122070312,179.6699981689453,179.6699981689453,553300
2025-01-07,185.3881072998047,186.0,187.19000244140625,182.47000122070312,182.77999877929688,667800
2025-01-08,189.70384216308594,190.3300018310547,190.94000244140625,183.72000122070312,185.19000244140625,786400
2025-01-10,182.32818603515625,182.92999267578125,190.77000427246094,180.6199951171875,188.88999938964844,767500
2025-01-13,185.12896728515625,185.74000549316406,185.75,180.75,181.75,429700
2025-01-14,183.5541534423828,184.16000366210938,185.97000122070312,180.6300048828125,185.92999267578125,390100
2025-01-15,182.98602294921875,183.58999633789062,187.2100067138672,183.10000610351562,187.2100067138672,332500
2025-01-16,183.45448303222656,184.05999755859375,185.19000244140625,181.9600067138672,183.30999755859375,363100
2025-01-17,184.19203186035156,184.8000030517578,185.50999450683594,183.39999389648438,184.3000030517578,378400
2025-01-21,188.15895080566406,188.77999877929688,189.07000732421875,184.80999755859375,185.80999755859375,404600
2025-01-22,186.4147186279297,187.02999877929688,188.77999877929688,184.69000244140625,188.35000610351562,304600
2025-01-23,189.27525329589844,189.89999389648438,190.25999450683594,186.39999389648438,188.13999938964844,672300
2025-01-24,185.1588592529297,185.77000427246094,191.00999450683594,182.25,190.07000732421875,721400
2025-01-27,190.64076232910156,191.27000427246094,191.97999572753906,186.82000732421875,186.82000732421875,453500
2025-01-28,188.0891876220703,188.7100067138672,192.80999755859375,186.44000244140625,192.3300018310547,514400
2025-01-29,186.56422424316406,187.17999267578125,190.50999450683594,186.47000122070312,189.1999969482422,403600
2025-01-30,188.66726684570312,189.2899932861328,191.8800048828125,188.4199981689453,188.8699951171875,321000
2025-01-31,187.93968200683594,188.55999755859375,190.92999267578125,187.82000732421875,188.9499969482422,369900
2025-02-03,190.08261108398438,190.7100067138672,195.0,185.47999572753906,186.38999938964844,481700
2025-02-04,192.0062713623047,192.63999938964844,192.77000427246094,189.2899932861328,189.4600067138672,391700
2025-02-05,192.63418579101562,193.27000427246094,195.52999877929688,192.0800018310547,194.08999633789062,427100
2025-02-06,187.81008911132812,188.42999267578125,194.41000366210938,186.19000244140625,193.52000427246094,605700
2025-02-07,187.31175231933594,187.92999267578125,190.25999450683594,186.88999938964844,189.5399932861328,291600
2025-02-10,184.74024963378906,185.35000610351562,188.16000366210938,181.2899932861328,188.16000366210938,478700
2025-02-11,185.3382568359375,185.9499969482422,186.66000366210938,184.4499969482422,184.89999389648438,320000
2025-02-12,178.6503448486328,179.24000549316406,184.30999755859375,177.5800018310547,184.10000610351562,902200
2025-02-13,182.20858764648438,182.80999755859375,182.8800048828125,176.22000122070312,179.4199981689453,1033600
2025-02-14,180.94276428222656,181.5399932861328,184.92999267578125,181.30999755859375,183.1999969482422,392300
2025-02-18,182.43783569335938,183.0399932861328,183.5500030517578,181.00999450683594,182.05999755859375,590500
2025-02-19,182.81658935546875,183.4199981689453,184.94000244140625,180.82000732421875,180.82000732421875,941100
2025-02-20,183.5641326904297,184.1699981689453,184.5,182.1699981689453,182.52999877929688,742600
2025-02-21,179.437744140625,180.02999877929688,184.02999877929688,179.0500030517578,182.8800048828125,760500
2025-02-24,180.86305236816406,181.4600067138672,181.50999450683594,177.07000732421875,181.0500030517578,726700
2025-02-25,188.38819885253906,189.00999450683594,189.61000061035156,181.8000030517578,181.8000030517578,846000
2025-02-26,179.52743530273438,180.1199951171875,188.11000061035156,178.9600067138672,187.52999877929688,1149500
2025-02-27,185.44790649414062,186.05999755859375,195.22999572753906,184.44000244140625,190.08999633789062,2144700
2025-02-28,174.6734619140625,175.25,175.30999755859375,165.99000549316406,170.61000061035156,2056700
2025-03-03,175.42185974121094,175.8000030517578,177.69000244140625,174.5800018310547,176.00999450683594,1075900
2025-03-04,172.92724609375,173.3000030517578,177.00999450683594,171.49000549316406,176.25999450683594,1078200
2025-03-05,177.33773803710938,177.72000122070312,178.44000244140625,172.13999938964844,173.05999755859375,1194500
2025-03-06,175.0426788330078,175.4199981689453,179.16000366210938,173.08999633789062,177.11000061035156,1237200
2025-03-07,172.2886199951172,172.66000366210938,176.8000030517578,171.0800018310547,174.8699951171875,1876400
2025-03-10,174.17454528808594,174.5500030517578,179.5500030517578,171.13999938964844,171.13999938964844,1515800
2025-03-11,172.14891052246094,172.52000427246094,175.35000610351562,171.0,175.0,1225600
2025-03-12,166.25161743164062,166.61000061035156,172.7899932861328,164.75,172.52999877929688,946100
2025-03-13,163.63726806640625,163.99000549316406,167.6699981689453,162.39999389648438,167.02000427246094,1101000
2025-03-14,167.30934143066406,167.6699981689453,169.77000427246094,164.6699981689453,165.67999267578125,757900
2025-03-17,174.20448303222656,174.5800018310547,175.25,166.7899932861328,166.7899932861328,897800
2025-03-18,175.960693359375,176.33999633789062,177.4600067138672,173.7899932861328,174.5500030517578,903100
2025-03-19,177.69696044921875,178.0800018310547,179.8000030517578,176.1300048828125,176.1300048828125,855800
2025-03-20,178.31561279296875,178.6999969482422,181.07000732421875,176.22000122070312,176.99000549316406,919100
2025-03-21,173.7654266357422,174.13999938964844,178.19000244140625,173.88999938964844,177.2100067138672,1400500
2025-03-24,181.18942260742188,181.5800018310547,182.83999633789062,174.60000610351562,175.14999389648438,951700
2025-03-25,185.51010131835938,185.91000366210938,189.77000427246094,182.92999267578125,183.80999755859375,1221700
2025-03-26,184.063232421875,184.4600067138672,187.4499969482422,181.0,187.35000610351562,1056900
2025-03-27,186.1287841796875,186.52999877929688,187.9499969482422,183.13999938964844,184.8699951171875,1006200
2025-03-28,185.77952575683594,186.17999267578125,188.39999389648438,185.63999938964844,187.2899932861328,733200
2025-03-31,187.49583435058594,187.89999389648438,189.58999633789062,183.22999572753906,184.77000427246094,654100
2025-04-01,187.40602111816406,187.80999755859375,188.5500030517578,184.77000427246094,188.39999389648438,640300
2025-04-02,188.37393188476562,188.77999877929688,189.5500030517578,184.80999755859375,184.80999755859375,585500
2025-04-03,188.32403564453125,188.72999572753906,190.6699981689453,185.8699951171875,186.72000122070312,886400
2025-04-04,174.1545867919922,174.52999877929688,185.2100067138672,173.6199951171875,183.36000061035156,1577200
2025-04-07,171.3007354736328,171.6699981689453,179.52999877929688,167.5,171.42999267578125,878300
2025-04-08,172.9072723388672,173.27999877929688,181.3300018310547,170.8800048828125,177.36000061035156,792000
2025-04-09,182.6762237548828,183.07000732421875,184.91000366210938,169.94000244140625,171.00999450683594,820400
2025-04-10,177.8566131591797,178.24000549316406,182.66000366210938,172.92999267578125,181.1199951171875,652500
2025-04-11,175.03269958496094,175.41000366210938,178.17999267578125,172.0800018310547,178.17999267578125,985900
2025-04-14,178.43536376953125,178.82000732421875,179.32000732421875,175.47999572753906,177.27000427246094,536700
2025-04-15,175.12249755859375,175.5,178.19000244140625,174.8300018310547,176.8699951171875,533200
2025-04-16,173.28646850585938,173.66000366210938,176.3699951171875,173.0,176.0,596400
2025-04-17,174.42401123046875,174.8000030517578,176.75,172.35000610351562,176.10000610351562,585700
2025-04-21,156.7122039794922,157.0500030517578,175.67999267578125,153.99000549316406,175.07000732421875,1262000
2025-04-22,160.9530487060547,161.3000030517578,162.0800018310547,157.61000061035156,158.7100067138672,814600
2025-04-23,166.4312286376953,166.7899932861328,170.02999877929688,164.80999755859375,164.80999755859375,775900
2025-04-24,173.625732421875,174.0,174.1699981689453,167.47999572753906,167.5,1065700
2025-04-25,171.3107147216797,171.67999267578125,175.9199981689453,170.36000061035156,175.9199981689453,1009000
2025-04-28,172.5380859375,172.91000366210938,173.7100067138672,170.0399932861328,170.9600067138672,942300
2025-04-29,171.51028442382812,171.8800048828125,173.83999633789062,161.64999389648438,168.39999389648438,1499000
2025-04-30,176.6891326904297,177.07000732421875,177.3699951171875,169.05999755859375,172.2100067138672,1048500
2025-05-01,174.25437927246094,174.6300048828125,179.25,174.2899932861328,176.3300018310547,608200
2025-05-02,178.3555450439453,178.74000549316406,179.35000610351562,176.75,176.9499969482422,588900
2025-05-05,177.8067169189453,178.19000244140625,180.61000061035156,177.17999267578125,178.6199951171875,489300
2025-05-06,183.76388549804688,184.16000366210938,186.88999938964844,175.41000366210938,177.67999267578125,1609000
2025-05-07,186.1886444091797,186.58999633789062,187.55999755859375,181.02999877929688,184.00999450683594,773800
2025-05-08,183.37472534179688,183.77000427246094,187.97999572753906,183.67999267578125,186.7100067138672,755800
2025-05-09,181.3889923095703,181.77999877929688,184.36000061035156,181.08999633789062,184.00999450683594,828400
2025-05-12,191.1379852294922,191.5500030517578,199.02999877929688,183.92999267578125,183.92999267578125,1105200
2025-05-13,191.7566375732422,192.1699981689453,193.72000122070312,190.13999938964844,190.5500030517578,733400
2025-05-14,187.4259796142578,187.8300018310547,192.13999938964844,187.7100067138672,191.57000732421875,721100
2025-05-15,195.45867919921875,195.8800048828125,196.1699981689453,186.10000610351562,186.85000610351562,930600
2025-05-16,197.5142364501953,197.94000244140625,198.19000244140625,193.6999969482422,196.32000732421875,766100
2025-05-19,196.3966522216797,196.82000732421875,197.9600067138672,194.97000122070312,196.33999633789062,470000
2025-05-20,195.30899047851562,195.72999572753906,197.1300048828125,194.5800018310547,196.5399932861328,553100
2025-05-21,189.74098205566406,190.14999389648438,195.6300048828125,190.07000732421875,194.75,495600
2025-05-22,186.24851989746094,186.64999389648438,190.38999938964844,186.36000061035156,188.5800018310547,462400
2025-05-23,185.80947875976562,186.2100067138672,186.74000549316406,183.66000366210938,184.69000244140625,439400
2025-05-27,192.006103515625,192.4199981689453,193.16000366210938,187.8300018310547,189.0399932861328,973300
2025-05-28,189.98046875,190.38999938964844,193.8000030517578,190.10000610351562,191.55999755859375,634500
2025-05-29,190.63905334472656,191.0500030517578,193.63999938964844,190.6199951171875,191.66000366210938,407900
2025-05-30,189.94056701660156,190.35000610351562,191.9600067138672,188.77999877929688,190.0800018310547,814900
2025-06-02,187.17361450195312,187.3800048828125,189.89999389648438,184.89999389648438,189.8300018310547,707800
2025-06-03,188.60203552246094,188.80999755859375,189.30999755859375,186.24000549316406,186.6300048828125,534500
2025-06-04,188.4422149658203,188.64999389648438,191.9499969482422,188.44000244140625,191.44000244140625,497400
2025-06-05,188.88172912597656,189.08999633789062,190.6199951171875,188.13999938964844,188.64999389648438,538700
2025-06-06,189.181396484375,189.38999938964844,191.0,188.60000610351562,189.33999633789062,379400
2025-06-09,177.57420349121094,177.77000427246094,188.57000732421875,169.7899932861328,188.57000732421875,1333100
2025-06-10,172.4798126220703,172.6699981689453,177.41000366210938,168.64999389648438,177.41000366210938,1550300
2025-06-11,172.1002197265625,172.2899932861328,175.63999938964844,171.30999755859375,172.88999938964844,746300
2025-06-12,173.46873474121094,173.66000366210938,173.91000366210938,171.13999938964844,172.25999450683594,684000
2025-06-13,170.881591796875,171.07000732421875,173.3800048828125,170.58999633789062,171.7899932861328,667800
2025-06-16,170.17236328125,170.36000061035156,175.47999572753906,163.2100067138672,172.69000244140625,1946300
2025-06-17,171.57081604003906,171.75999450683594,172.67999267578125,166.10000610351562,167.99000549316406,1358100
2025-06-18,171.0513916015625,171.24000549316406,173.0399932861328,170.10000610351562,171.77000427246094,986800
2025-06-20,171.51087951660156,171.6999969482422,175.88999938964844,171.35000610351562,171.35000610351562,1572500
2025-06-23,173.32888793945312,173.52000427246094,174.17999267578125,169.30999755859375,172.08999633789062,1065100
2025-06-24,175.00701904296875,175.1999969482422,176.0500030517578,170.83999633789062,174.25999450683594,946600
2025-06-25,175.49649047851562,175.69000244140625,176.05999755859375,172.02000427246094,175.67999267578125,891900
2025-06-26,177.23455810546875,177.42999267578125,184.41000366210938,177.22999572753906,180.5800018310547,874400
2025-06-27,177.8838653564453,178.0800018310547,181.63999938964844,177.66000366210938,177.75,1088800
2025-06-30,180.95046997070312,181.14999389648438,182.55999755859375,176.49000549316406,177.6699981689453,1165400
2025-07-01,188.73190307617188,188.94000244140625,189.38999938964844,180.3000030517578,180.97999572753906,1351400
2025-07-02,184.26681518554688,184.47000122070312,187.49000549316406,182.94000244140625,186.60000610351562,1048800
2025-07-03,184.32675170898438,184.52999877929688,187.4199981689453,182.44000244140625,186.00999450683594,665300
2025-07-07,181.320068359375,181.52000427246094,185.0,180.52000427246094,184.42999267578125,800800
2025-07-08,182.0492706298828,182.25,184.32000732421875,179.8699951171875,180.6199951171875,518600
2025-07-09,182.35891723632812,182.55999755859375,184.0500030517578,180.89999389648438,184.0500030517578,660800
2025-07-10,183.8472900390625,184.0500030517578,186.1999969482422,180.30999755859375,181.67999267578125,700900
2025-07-11,182.3189697265625,182.52000427246094,183.30999755859375,181.36000061035156,182.19000244140625,402500
2025-07-14,183.24794006347656,183.4499969482422,184.63999938964844,180.88999938964844,182.8000030517578,493200
2025-07-15,176.7451171875,176.94000244140625,185.0,176.0,183.5,582300
2025-07-16,170.0924530029297,170.27999877929688,176.92999267578125,168.61000061035156,176.00999450683594,1250400
2025-07-17,170.63186645507812,170.82000732421875,171.83999633789062,169.55999755859375,169.74000549316406,786900
2025-07-18,168.75392150878906,168.94000244140625,171.32000732421875,168.36000061035156,171.10000610351562,630500
2025-07-21,168.5641326904297,168.75,170.4600067138672,167.8699951171875,169.41000366210938,479100
2025-07-22,162.5008087158203,162.67999267578125,174.3800048828125,160.89999389648438,170.49000549316406,1734200
2025-07-23,164.6384735107422,164.82000732421875,166.0399932861328,162.0399932861328,165.30999755859375,1113000
2025-07-24,155.2887725830078,155.4600067138672,164.00999450683594,155.25999450683594,164.00999450683594,1500900
2025-07-25,155.42861938476562,155.60000610351562,156.9499969482422,152.9600067138672,154.99000549316406,1187500
2025-07-28,154.77932739257812,154.9499969482422,158.36000061035156,154.10000610351562,156.2899932861328,1478100
2025-07-29,162.6406707763672,162.82000732421875,163.52999877929688,152.3300018310547,153.7899932861328,1917800
2025-07-30,165.25778198242188,165.44000244140625,166.5,161.17999267578125,162.11000061035156,1797500
2025-07-31,166.26666259765625,166.4499969482422,169.64999389648438,164.6199951171875,166.1999969482422,1529200
2025-08-01,162.8004913330078,162.97999572753906,168.52999877929688,162.02000427246094,166.97999572753906,1130500
2025-08-04,164.4986114501953,164.67999267578125,166.22000122070312,160.97000122070312,162.97000122070312,868000
2025-08-05,164.51858520507812,164.6999969482422,166.77000427246094,164.27000427246094,165.3699951171875,613900
2025-08-06,163.2999267578125,163.47999572753906,166.25999450683594,163.47000122070312,165.19000244140625,715900
2025-08-07,168.83384704589844,169.02000427246094,169.4199981689453,164.1999969482422,164.1999969482422,926000
2025-08-08,172.1102294921875,172.3000030517578,172.6199951171875,167.8800048828125,169.39999389648438,606400
2025-08-11,171.47093200683594,171.66000366210938,175.0,171.24000549316406,172.5399932861328,853400
2025-08-12,175.01702880859375,175.2100067138672,175.77000427246094,172.4600067138672,172.69000244140625,605700
2025-08-13,178.31338500976562,178.50999450683594,179.33999633789062,175.55999755859375,176.0399932861328,777100
2025-08-14,178.5431365966797,178.74000549316406,179.30999755859375,175.0,177.11000061035156,611500
2025-08-15,178.27342224121094,178.47000122070312,179.50999450683594,175.83999633789062,179.50999450683594,747900
2025-08-18,177.41436767578125,177.61000061035156,179.5399932861328,177.44000244140625,178.7899932861328,675600
2025-08-19,182.35891723632812,182.55999755859375,182.6699981689453,178.16000366210938,178.5399932861328,745800
2025-08-20,184.49656677246094,184.6999969482422,185.22999572753906,182.63999938964844,182.9600067138672,792400
2025-08-21,183.7473907470703,183.9499969482422,186.0500030517578,183.8800048828125,184.8800048828125,657400
2025-08-22,185.37559509277344,185.5800018310547,186.19000244140625,182.5,184.3300018310547,627200
2025-08-25,183.67747497558594,183.8800048828125,185.6300048828125,182.69000244140625,184.9499969482422,793500
2025-08-26,181.25013732910156,181.4499969482422,184.0,181.17999267578125,183.2100067138672,977800
2025-08-27,182.20909118652344,182.41000366210938,183.58999633789062,180.32000732421875,181.52999877929688,672600
2025-08-28,181.02040100097656,181.22000122070312,182.42999267578125,180.4600067138672,182.36000061035156,945400
2025-08-29,181.3800048828125,181.5800018310547,182.3699951171875,180.42999267578125,180.9499969482422,599500
2025-09-02,181.50999450683594,181.50999450683594,183.0500030517578,180.10000610351562,180.3300018310547,533800
2025-09-03,181.57000732421875,181.57000732421875,181.9499969482422,180.4199981689453,180.88999938964844,520800
2025-09-04,185.67999267578125,185.67999267578125,186.49000549316406,180.9600067138672,182.24000549316406,742700
2025-09-05,190.1199951171875,190.1199951171875,190.82000732421875,185.91000366210938,186.33999633789062,654900
2025-09-08,185.75999450683594,185.75999450683594,190.0,184.5399932861328,190.0,637000
